{
  "median": [
    20.139999389648438,
    50.04999923706055,
    15.8100004196167,
    2927.0,
    1119.0,
    10597.0,
    10453.5,
    0.0,
    175.01998901367188,
    149.0,
    1.7740000486373901,
    44.20000076293945
  ],
  "mad": [
    15.75999927520752,
    13.53000259399414,
    6.890000343322754,
    2621.0,
    1068.0,
    9520.0,
    9396.5,
    9.99999993922529e-09,
    106.04499816894531,
    34.0,
    1.4769999980926514,
    7.700000762939453
  ],
  "min": [
    -0.8619444370269775,
    -2.4950668811798096,
    -1.5477066040039062,
    -0.7529797554016113,
    -0.7066996097564697,
    -0.750725269317627,
    -0.7502915859222412,
    0.0,
    -1.0911301374435425,
    -2.936018705368042,
    -0.8101195693016052,
    -1.7869625091552734
  ],
  "max": [
    3.4178194999694824,
    2.490081787109375,
    5.0,
    5.0,
    5.0,
    5.0,
    5.0,
    5.0,
    5.0,
    4.245324611663818,
    3.593478202819824,
    3.521367073059082
  ],
  "feature_cols": [
    "cpu_percent",
    "mem_percent",
    "swap_percent",
    "disk_read_bytes",
    "disk_write_bytes",
    "net_send_bytes",
    "net_recv_bytes",
    "error_rate",
    "latency_ms",
    "process_count",
    "load_1m",
    "temperature"
  ],
  "n_features": 12
}